Activity Id,Date,Type,Route Name,Distance (mi),Duration,Average Pace,Average Speed (mph),Calories Burned,Climb (ft),Average Heart Rate (bpm),Friend's Tagged,Notes,GPX File
3edb5002-8708-45cc-be8d-646750a11168,2022-02-20 10:42:50,Running,,2.02,18:22,9:06,6.59,210.0,89,,"","",2022-02-20-104250.gpx
9b204540-e38a-47bb-98eb-82e3b0a803e0,2022-02-09 17:29:11,Running,,1.43,13:58,9:45,6.15,149.0,47,,"","",2022-02-09-172911.gpx
5845e9f7-4aec-4e56-af68-b146218ee374,2021-12-24 11:14:55,Running,,3.05,25:25,8:20,7.21,320.0,113,,"","",2021-12-24-111455.gpx
aff65380-4f37-4127-b910-899c3e5df02a,2021-12-02 15:48:56,Running,,3.12,25:40,8:13,7.30,331.0,171,,"","",2021-12-02-154856.gpx
b0951cd3-2c28-4413-aaf2-bcb8cf4b8a47,2021-11-25 13:41:39,Running,,3.10,24:11,7:48,7.69,328.0,148,,"","",2021-11-25-134139.gpx
abfc8beb-ec3d-48b0-930b-3e8af27a0565,2021-11-21 12:09:12,Running,,3.81,31:36,8:17,7.24,396.0,100,,"","",2021-11-21-120912.gpx
7f409c55-b126-4c0f-885a-85072f348fce,2021-10-26 16:47:23,Running,,3.20,28:03,8:46,6.84,342.0,213,,"","",2021-10-26-164723.gpx
df428f69-225b-429d-bec2-d120f2d826e4,2021-10-21 17:43:24,Running,,3.11,27:27,8:50,6.79,329.0,161,147,"","",2021-10-21-174324.gpx
9a8d7efe-cd46-4f99-9127-5396267dec49,2021-10-18 17:43:34,Running,,3.11,23:52,7:41,7.81,327.0,144,181,"","Great for one day after ultimate ",2021-10-18-174334.gpx
bc3c54ef-7c9a-433c-a479-c2b38399ede5,2021-10-14 17:01:59,Running,,3.12,26:38,8:32,7.03,321.0,72,,"","",2021-10-14-170159.gpx
37b1d835-14a7-4963-afa6-f81538cf87ec,2021-10-04 17:36:14,Running,,1.97,16:26,8:21,7.18,208.0,91,,"","",2021-10-04-173614.gpx
49beeeee-c682-4ea0-9293-7e95e85f4c7b,2021-09-22 17:51:30,Running,,3.11,25:16,8:07,7.39,324.0,101,172,"","Chest a little heavy after mile 2",2021-09-22-175130.gpx
2af8e3ef-5a97-4ce1-a163-e43d335b7b06,2021-09-17 16:14:10,Cycling,,18.57,1:22:37,4:27,13.48,622.0,613,113,"","",2021-09-17-161410.gpx
fe9b8a53-9c97-4d4d-a4b3-437bde039572,2021-09-09 17:05:29,Running,,3.12,26:17,8:25,7.13,335.0,215,180,"","Was fine just tired and lots of hills ",2021-09-09-170529.gpx
39349c99-e60a-4b34-ba80-8c8ae634f73f,2021-09-01 17:23:45,Cycling,,11.50,45:41,3:58,15.10,390.0,371,,"","",2021-09-01-172345.gpx
d461e62c-e23c-4430-8965-dbecab31b307,2021-08-31 18:43:12,Running,,2.24,18:56,8:28,7.08,239.0,139,,"","",2021-08-31-184312.gpx
51fda5da-d8e2-432d-8aa8-4bea29838619,2021-08-22 17:31:27,Running,,2.38,21:16,8:56,6.72,254.0,177,176,"","",2021-08-22-173127.gpx
eda67eca-161f-4730-8cee-6590df5b7f13,2021-08-18 17:53:38,Cycling,,9.04,37:28,4:09,14.47,318.0,224,138,"","",2021-08-18-175338.gpx
0dfe8aec-6951-4bc6-b2d3-151d88e5aa5f,2021-08-14 19:14:43,Running,,2.01,16:19,8:07,7.40,213.0,103,,"","4 days after hurting back somehow ",2021-08-14-191443.gpx
d2af474a-10f4-45d2-b17e-f3ea1eed62b2,2021-08-08 09:57:58,Running,,2.12,19:57,9:26,6.36,220.0,63,176,"","",2021-08-08-095758.gpx
ed1c0af3-7f59-4343-99a9-2e62623c6164,2021-08-04 18:28:39,Running,,0.91,8:46,9:41,6.20,98.0,91,,"","",2021-08-04-182839.gpx
2ce252df-b26c-4ef0-96c5-b9a2746ed022,2021-08-04 18:10:00,Running,,2.29,18:07,7:56,7.57,237.0,51,,"","",2021-08-04-181000.gpx
93903a29-c075-435c-a2ff-b20a066d5b93,2021-07-18 09:44:21,Running,,2.82,22:21,7:56,7.57,288.0,39,,"","Legs felt fine, it was really humid so stopped ",2021-07-18-094421.gpx
86c43ad1-7042-4efa-83e2-206b4a128091,2021-07-10 16:43:13,Running,,3.15,25:58,8:14,7.28,326.0,82,,"","Legs felt good, chest a little heavy but recovered fast ",2021-07-10-164313.gpx
c17704fa-2f43-4c57-918b-d67b357e581b,2021-07-04 16:39:17,Cycling,,8.15,32:22,3:58,15.11,259.0,538,,"","",2021-07-04-163917.gpx
d1e82866-fce6-4a05-9b91-5d5a57d3bc3f,2021-07-02 17:24:56,Cycling,,15.20,1:11:11,4:41,12.81,476.0,878,145,"","",2021-07-02-172456.gpx
8f13e0b9-b89f-4fed-984b-ab4318a875bf,2021-07-01 10:41:10,Cycling,,7.12,41:06,5:46,10.40,211.0,258,98,"","Up north with dad ",2021-07-01-104110.gpx
7c0023b4-b149-45e8-846f-0165288cd631,2021-06-27 12:27:30,Cycling,,15.25,1:01:00,4:00,15.00,507.0,574,152,"","",2021-06-27-122730.gpx
10057ec0-3f5a-48b1-9094-faf13ffde096,2021-06-24 06:47:52,Running,,3.27,34:27,10:32,5.69,339.0,87,162,"","With J, outside ",2021-06-24-064752.gpx
fdfe7d2c-2faf-4dba-b425-69387cd616a1,2021-06-19 08:38:42,Cycling,,18.52,1:21:57,4:26,13.56,624.0,586,136,"","",2021-06-19-083842.gpx
7bc8d437-79a1-41e2-97d0-e348281c1bd4,2021-06-18 10:21:11,Running,,2.67,24:31,9:11,6.54,276.0,66,,"","Hot ",2021-06-18-102111.gpx
86c8ee17-bf21-47cf-a4c0-07578e4df51a,2021-06-13 08:43:33,Cycling,,20.69,1:32:48,4:29,13.38,707.0,649,132,"","",2021-06-13-084333.gpx
313b8d28-87ac-4039-b837-0c1a789e00ae,2021-06-12 08:39:34,Running,,3.44,37:39,10:58,5.47,354.0,116,,"","",2021-06-12-083934.gpx
bf46ad74-d4af-4263-a2a9-1acf1c04b9db,2021-06-05 09:00:52,Running,,0.31,3:09,10:19,5.82,30.0,7,,"","Cool down ",2021-06-05-090052.gpx
a932ce1a-899b-4983-9a88-f61c5d0a6b42,2021-06-05 08:37:59,Running,,2.39,20:56,8:46,6.84,245.0,44,,"","5 days after first ultimate game and left hamstring was sore before but not during this run.  Very hot and humid ",2021-06-05-083759.gpx
84d684d6-d5ca-4066-b84b-dd82b164b47e,2021-05-31 08:47:14,Cycling,,15.30,1:12:22,4:44,12.68,507.0,528,,"","",2021-05-31-084714.gpx
3bbac85d-1f19-4dad-9ce8-82a13151dc8e,2021-05-24 18:54:55,Running,,3.54,30:11,8:32,7.03,370.0,141,174,"","Very humid ",2021-05-24-185455.gpx
26e77182-f5bf-444b-ae95-d4c34169f494,2021-05-23 16:22:00,Cycling,,7.51,31:57,4:15,14.11,248.0,144,145,"","",2021-05-23-162200.gpx
bdd2be6f-330f-4ed7-ab45-2244752e7130,2021-05-20 17:52:35,Running,,1.09,9:33,8:47,6.83,111.0,13,,"","",2021-05-20-175235.gpx
71ece29d-34c1-43c4-a756-6d39ff4e060b,2021-05-18 16:48:39,Running,,4.02,33:38,8:22,7.18,418.0,120,179,"","With Nate ",2021-05-18-164839.gpx
9babf84e-3e3b-4383-a47f-5e447a1f1424,2021-05-15 12:01:58,Cycling,,13.32,1:00:17,4:32,13.26,450.0,559,,"","",2021-05-15-120158.gpx
5e089731-d35b-49b0-a644-ef40cc5845dd,2021-05-11 17:35:43,Running,,4.71,40:15,8:32,7.03,484.0,78,170,"","",2021-05-11-173543.gpx
88f9c8a6-0416-4820-86a8-c14af0385b62,2021-05-06 16:59:18,Running,,4.03,33:34,8:20,7.21,418.0,122,,"","",2021-05-06-165918.gpx
4ccd1c34-86c0-46d5-9202-4df671b516ad,2021-05-03 18:16:40,Running,,0.23,3:28,14:52,4.04,20.0,2,,"","Cool down ",2021-05-03-181640.gpx
27869bca-f193-4fd2-b542-76f4dbd34fcf,2021-05-03 17:50:41,Running,,3.12,25:23,8:08,7.38,323.0,76,166,"","",2021-05-03-175041.gpx
96996b07-84da-4d76-b992-c0e2bc44d120,2021-04-28 16:50:51,Running,,3.71,30:16,8:10,7.35,384.0,92,172,"","",2021-04-28-165051.gpx
9bdd8099-7b30-45f6-b06b-fd16f08dc155,2021-04-22 18:15:40,Cycling,,6.18,27:57,4:31,13.27,213.0,177,148,"","First ride of 2021",2021-04-22-181540.gpx
94484f38-eb37-4878-b6b9-5111e38b9d38,2021-04-21 17:19:29,Running,,3.13,26:35,8:30,7.05,326.0,107,,"","",2021-04-21-171929.gpx
76723dad-0163-4d2a-9d4b-5ab144ca33c4,2021-04-16 16:48:48,Walking,,0.77,15:42,20:30,2.93,54.0,17,,"","",2021-04-16-164848.gpx
c955d37b-90bf-4bb4-97f5-47da88f88f7c,2021-04-16 16:18:01,Running,,3.12,27:52,8:56,6.72,290.602,424,185,"","",
a951bbc2-7590-4ccc-801f-459b475e2418,2021-04-05 17:37:42,Running,,1.47,18:47,12:48,4.69,140.0,34,,"","A few days after hurting my back ",2021-04-05-173742.gpx
6344a186-85cc-45f4-ad90-13eefe03aff3,2021-03-29 17:21:33,Running,,4.01,36:05,9:00,6.67,413.0,86,175,"","",2021-03-29-172133.gpx
46f6c438-1008-4177-bebb-45bcb8ae69ee,2021-03-22 17:10:59,Running,,3.13,25:43,8:13,7.31,324.0,85,,"","",2021-03-22-171059.gpx
a69c8539-5510-4bb5-be18-8663eee40b6a,2021-03-18 17:08:51,Running,,3.53,29:34,8:23,7.16,367.0,121,,"","",2021-03-18-170851.gpx
fc70a8a5-b409-4f42-9046-e54ea32e9fe5,2021-03-11 17:09:43,Running,,3.12,27:27,8:48,6.81,324.0,106,,"","",2021-03-11-170943.gpx
01ad8aa2-7808-4b78-b58d-e25ed069bc34,2021-03-08 17:15:37,Running,,2.31,20:36,8:55,6.73,239.0,63,,"","",2021-03-08-171537.gpx
4792bbfa-d655-4bff-b973-087b94162b28,2021-01-04 16:18:08,Running,,3.25,25:15,7:46,7.73,345.0,206,166,"","",2021-01-04-161808.gpx
747296e5-140a-421f-a74a-60fdc444abb7,2020-12-28 12:22:16,Running,,4.06,34:48,8:35,6.99,434.0,270,,"","",2020-12-28-122216.gpx
fb88b144-3c1a-4ab9-b228-20c5c5b2668f,2020-12-13 13:51:05,Running,,5.45,45:50,8:24,7.14,594.0,431,173,"","It was actually 10k at 51:19",2020-12-13-135105.gpx
1beb8016-8238-4938-8fac-1d4c46c99e3f,2020-12-06 14:54:13,Running,,5.46,50:33,9:16,6.47,582.0,426,112,"","",2020-12-06-145413.gpx
28363aab-4869-401a-8a4c-211a9a0db274,2020-11-28 14:26:58,Running,,3.11,23:19,7:30,7.99,332.0,186,150,"","",2020-11-28-142658.gpx
09bad31c-ff9c-48f1-83e6-7c2738a480c5,2020-11-26 10:01:22,Running,,6.32,59:52,9:29,6.33,665.0,352,145,"","",2020-11-26-100122.gpx
aaf07f5a-bf96-4799-b74d-c1ca549eff75,2020-11-24 15:48:55,Running,,3.93,33:21,8:29,7.07,419.0,253,,"","",2020-11-24-154855.gpx
8df2d23c-fdda-478a-9606-8bc66694314c,2020-11-22 15:44:37,Running,,2.56,22:05,8:38,6.94,244.704,174,168,"","",
235f91a4-2183-425b-8f4d-0ab37919cb58,2020-11-05 16:59:14,Running,,2.36,17:28,7:25,8.09,247.0,87,,"","",2020-11-05-165914.gpx
db3cbf1d-75b8-4f98-bdef-36bee4ac6b2d,2020-11-03 16:15:21,Running,,4.04,32:13,7:58,7.53,418.0,119,155,"","",2020-11-03-161521.gpx
dcbcb89f-58f5-4112-a986-b34558be62a8,2020-10-31 14:00:00,Running,,4.05,31:54,7:52,7.62,418.0,93,,"","",2020-10-31-140000.gpx
1b4f5d40-b121-41fa-a3e4-10dde35ad941,2020-10-25 10:04:12,Running,,4.07,35:45,8:47,6.83,420.537999999999,326,176,"","",
02825310-7777-4c98-9b27-1a23ac043b04,2020-10-16 17:12:50,Running,,4.27,33:28,7:51,7.65,396.148000000001,387,150,"","",
d17e229a-abd6-4e04-bba0-6e71df061502,2020-10-14 16:39:43,Running,,4.61,52:09,11:19,5.30,414.598999999999,564,144,"","",
71d7b349-9157-47c5-a80b-8c3b22019725,2020-10-11 10:33:26,Running,,7.03,1:10:09,9:59,6.01,748.0,325,,"","It was over 10 but it paused ",2020-10-11-103326.gpx
9e9f541b-a72d-48d8-bd01-e6298882e6bc,2020-10-08 17:13:14,Running,,4.38,37:23,8:32,7.03,429.0,119,,"","",2020-10-08-171314.gpx
a36425b0-febf-492f-8632-60ccbdb94b9a,2020-10-06 17:48:31,Running,,1.40,21:45,15:36,3.85,124.0,37,,"","Walk ",2020-10-06-174831.gpx
83272416-ec39-4c6d-9680-f2cc81845a83,2020-10-06 17:25:06,Running,,2.32,19:23,8:21,7.18,239.0,102,,"","Outside , 80 F, did some intervals to start.  Calves and left quad tired. ",2020-10-06-172506.gpx
81329866-ac09-4674-ab79-7a9c883bce6a,2020-10-04 12:30:45,Cycling,,11.89,43:20,3:39,16.46,399.0,292,,"","",2020-10-04-123045.gpx
b180a291-36cd-4eb4-9d33-fc18748542fd,2020-10-02 17:23:45,Running,,3.11,23:02,7:25,8.09,323.0,110,,"","Felt good but tiring for quads and lungs.  Was chilly today - 50F",2020-10-02-172345.gpx
35f1db63-1ced-4f38-8201-707c5b08ef9c,2020-09-30 16:34:18,Running,,8.15,1:14:40,9:10,6.55,845.0,228,,"","Outside with J",2020-09-30-163418.gpx
8b3f4bfa-24f4-4f74-8021-d33dfe7ae6e7,2020-09-26 11:45:19,Cycling,,20.29,1:17:48,3:50,15.65,723.0,550,,"","",2020-09-26-114519.gpx
367dd9cb-beb4-40af-b399-f09083870e8e,2020-09-23 17:24:50,Running,,7.46,1:11:53,9:38,6.23,758.0,213,,"","",2020-09-23-172450.gpx
5f28d634-1d5c-49e9-af78-34bd512dccf7,2020-09-22 17:07:16,Cycling,,10.59,40:05,3:47,15.85,349.0,318,,"","",2020-09-22-170716.gpx
fea6d825-5a86-44b9-b48c-b2480f9b0d17,2020-09-19 18:39:32,Running,,3.11,22:33,7:16,8.26,323.0,100,,"","",2020-09-19-183932.gpx
2c0e28e4-f0fd-4382-9340-0975c9362277,2020-09-16 16:41:21,Running,,6.45,1:03:22,9:50,6.10,677.0,249,,"","Slower run with J",2020-09-16-164121.gpx
fe8dcaa0-ea4b-4bc8-bdca-4e9991e4509b,2020-09-14 17:18:26,Running,,3.70,29:25,7:58,7.54,388.0,158,,"","",2020-09-14-171826.gpx
6dc4da7c-ff1f-49c2-b6e7-0064ee283369,2020-09-12 10:11:50,Running,,3.34,27:12,8:08,7.37,346.0,81,,"","Felt good.  Stopped bc I’m biking tomorrow ",2020-09-12-101150.gpx
0f8f21d6-c641-44e7-b522-0d646c925e01,2020-09-08 18:12:32,Running,,1.13,16:00,14:08,4.24,101.0,13,,"","",2020-09-08-181232.gpx
920bc5cb-181f-449a-b6d5-b7fc80190d55,2020-09-08 17:35:00,Running,,4.07,31:47,7:49,7.68,427.0,159,,"","Colder out.  Under armor ",2020-09-08-173500.gpx
f7ff979b-c306-43d7-8317-7375405a8d2a,2020-09-03 17:58:05,Running,,3.11,24:02,7:44,7.75,321.0,80,,"","Immediately following an 8 mile bike ride as a warmup ",2020-09-03-175805.gpx
fd8082d7-5fc8-4f44-b16a-46b111d49e4d,2020-08-31 18:09:37,Running,,5.00,45:00,9:00,6.67,530.484927005005,0,,"","Outside towards Edina and back.  Actual tome was way off.  Approximately 9 mins/mile",
5b127a30-704d-4d66-815a-503539c8eeb4,2020-08-26 17:12:21,Running,,4.33,38:19,8:51,6.78,448.0,143,,"","Close to fainting really .  Very tired with J but good push ",2020-08-26-171221.gpx
99c5e639-3bdd-4691-b828-596f024f79f1,2020-08-25 16:41:59,Running,,3.06,30:22,9:56,6.04,319.0,100,,"","Can’t handle the heat",2020-08-25-164159.gpx
ed10d067-9f3d-4986-9724-73dc6406c5ca,2020-08-23 18:09:35,Cycling,,15.17,56:18,3:43,16.17,492.0,370,,"","5.7 miles to parents house.  Humid !",2020-08-23-180935.gpx
93041ec8-4ac8-4310-91fc-0cffa0eace72,2020-08-21 07:17:40,Running,,3.38,27:02,8:00,7.50,353.0,109,,"","",2020-08-21-071740.gpx
a05e8887-5dc7-4b89-89af-ab5ad3316d19,2020-08-17 17:27:06,Running,,3.11,22:57,7:24,8.12,321.0,69,,"","Outside, no compressors , not as hot as before . Sub 23!",2020-08-17-172706.gpx
5d6ac95e-efa2-4788-ac60-5bdefa9ace5e,2020-08-16 16:18:31,Cycling,,16.41,1:00:22,3:41,16.30,563.0,392,,"","1hr speed ride.  Hoooot. ",2020-08-16-161831.gpx
8d458cd0-afea-40a5-9a33-594b6c9d100d,2020-08-14 16:37:28,Running,,4.50,40:13,8:56,6.72,466.0,138,,"","Working back to a 10k! Hot and humid today.  Chest was ok, no pain but def cardio was limiting factor m.",2020-08-14-163728.gpx
51646bc5-fc8b-4505-92a3-f1fc0f08bf5a,2020-08-13 20:30:06,Cycling,,3.56,15:23,4:20,13.86,125.0,82,,"","",2020-08-13-203006.gpx
8e076dd8-e01a-4c59-a4e1-611d20e627b3,2020-08-10 18:01:12,Running,,0.95,11:09,11:44,5.11,94.0,16,,"","Jog after a longer run ",2020-08-10-180112.gpx
7516cf07-049d-48d3-b1e5-7627c4505fef,2020-08-10 17:30:44,Running,,3.11,25:01,8:04,7.44,322.0,98,,"","Felt good.  ",2020-08-10-173044.gpx
6937370b-f731-4cb0-a59b-787cdcfc861d,2020-08-06 17:53:01,Cycling,,11.64,45:49,3:56,15.24,403.0,271,,"","Felt ok",2020-08-06-175301.gpx
ab0fb9ca-b055-49e3-8eab-eb3359d0d48e,2020-08-04 17:51:22,Running,,4.56,39:26,8:39,6.94,476.0,213,,"","",2020-08-04-175122.gpx
9542d0db-12cd-471b-86a3-3d85c5f76606,2020-07-28 17:25:52,Running,,3.37,29:31,8:45,6.86,347.0,73,,"","Ok, better than expected after not sleeping well for a while ",2020-07-28-172552.gpx
cc4d8e2e-b3d0-4104-9383-01c0db686541,2020-07-20 18:22:43,Running,,4.01,31:27,7:51,7.64,414.0,118,,"","Calf compressor on left leg.  Legs felt great.  Chest felt a little tight after 2 miles ",2020-07-20-182243.gpx
b47a3810-261a-4157-a1b8-f4c6b8cc281a,2020-07-14 20:43:52,Running,,3.10,24:54,8:02,7.47,322.0,84,,"","",2020-07-14-204352.gpx
38eaabd7-32f3-4d9b-8f26-3c48b84ceaab,2020-07-12 12:12:39,Cycling,,45.70,2:50:00,3:43,16.13,1823.98999227158,0,,"","With Zach and J. Ran out of water so ended early. ",
f2fde548-db45-4841-b3c6-c40eb119ec5b,2020-07-10 15:49:12,Cycling,,4.74,20:30,4:20,13.86,160.0,122,,"","",2020-07-10-154912.gpx
3528fc93-62f1-4386-80e5-5546682ad77f,2020-07-09 18:36:31,Cycling,,11.69,44:45,3:50,15.67,415.0,255,,"","",2020-07-09-183631.gpx
ebb2dff0-e61b-4dfb-89bf-910b8111b1a6,2020-07-07 07:16:59,Running,,3.11,25:08,8:05,7.43,323.0,79,,"","Really hot and humid, ran with Nate ",2020-07-07-071659.gpx
adc674da-a06c-46d6-bbfb-6a46aa051189,2020-07-05 15:25:11,Cycling,,16.36,1:05:57,4:02,14.88,571.0,347,,"","Hot outside ",2020-07-05-152511.gpx
f4dce66b-6d41-4847-be70-cf0b38f49d60,2020-07-03 08:22:26,Running,,2.46,21:19,8:41,6.91,253.0,51,,"","Outside.  Heat index above 90.  After a 15 mile bike ride yesterday ",2020-07-03-082226.gpx
4601929c-1d0f-43f5-81e6-8d06d194c84a,2020-07-02 18:15:49,Cycling,,15.74,1:05:28,4:10,14.43,525.0,373,,"","",2020-07-02-181549.gpx
3845aaef-51eb-4a2d-97ee-9056b63f35d6,2020-06-27 14:11:03,Cycling,,14.00,1:00:00,4:17,14.00,508.452980477566,0,,"","Same as other ride today I just recorded half of it.  ",
13aeb101-7b1e-4379-8f23-3725bd037a1c,2020-06-27 10:59:51,Cycling,,15.09,58:45,3:54,15.41,526.0,359,,"","With J, Eric Dinges, and Zach ringer . New bike and the new clip in shoes.  Felt great ",2020-06-27-105951.gpx
1512975b-7cfe-412e-b2af-4c5ef881ffd7,2020-06-24 17:48:35,Running,,3.10,23:07,7:28,8.04,318.0,63,,"","Outside , no compressors.  Lungs felt like the limiting factor as opposed to legs. ",2020-06-24-174835.gpx
f7733287-ebff-4b85-93e6-ddcb044fec33,2020-06-20 11:00:51,Running,,3.06,26:46,8:45,6.86,322.59682522792,0,,"","With J, no compressors . Outside after 15 mile bike ride ",
8380d403-8aa7-4e1c-8b99-fff0c6402641,2020-06-20 09:26:12,Cycling,,15.89,1:00:56,3:50,15.65,530.0,390,,"","With J, first with new bike ",2020-06-20-092612.gpx
27d9ec2c-b3b5-4e44-95b4-2bbdbd8d85b4,2020-06-16 07:05:32,Running,,6.22,56:05,9:01,6.66,631.0,138,,"","Felt ok.  Fatigued in right calf and left quad but no pain.  Outside.  No compressors.",2020-06-16-070532.gpx
ab9f8fad-c80a-4075-9a86-f9eeb16a7222,2020-06-14 09:56:01,Cycling,,23.20,1:38:42,4:15,14.10,798.0,632,,"","With J and Zach ringer ",2020-06-14-095601.gpx
6e000395-4dd1-48c7-9a07-d99dc0656077,2020-06-11 17:33:09,Cycling,,21.58,1:49:29,5:04,11.82,738.0,665,,"","",2020-06-11-173309.gpx
fe0525d8-26d7-46a0-97d7-f384c6b5b1f9,2020-06-10 17:24:39,Running,,4.55,38:11,8:24,7.14,453.0,120,,"","Outside, no compressors, myself.  Everything felt great ",2020-06-10-172439.gpx
2ae0db3d-7796-4861-95dd-2268410c22c1,2020-06-06 09:53:47,Running,,6.55,59:52,9:08,6.56,667.0,289,,"","",2020-06-06-095347.gpx
12ced795-4263-4ad0-91db-6a826a102d1f,2020-06-02 10:45:02,Running,,5.01,47:40,9:31,6.31,517.0,139,,"","Outside with Avi and J, no compressors ",2020-06-02-104502.gpx
43f91a97-608d-41f7-a20c-d9664537a936,2020-05-31 15:13:23,Running,,3.10,24:53,8:01,7.48,321.0,78,,"","Outside ,no compressors , after a light weight workout ",2020-05-31-151323.gpx
625770b5-ea5e-4d88-8f7a-f20bc42610f9,2020-05-30 17:19:32,Cycling,,4.04,20:04,4:58,12.07,139.0,65,,"","With soc ",2020-05-30-171932.gpx
13f58a5f-d709-42e6-8f5b-9374a3393fb4,2020-05-30 15:45:49,Cycling,,9.63,52:36,5:28,10.98,321.0,261,,"","",2020-05-30-154549.gpx
008871ae-c806-4e3e-980e-d303bf8923db,2020-05-28 18:46:08,Running,,4.76,45:13,9:30,6.32,494.0,160,,"","Outside no compressors ",2020-05-28-184608.gpx
58e61eff-decb-4577-ba7d-6d8a603056c0,2020-05-26 12:15:52,Running,,4.82,50:49,10:33,5.69,477.0,110,,"","No compressors, with J ",2020-05-26-121552.gpx
42cb8c84-bede-4457-a666-f06cf686e1b4,2020-05-24 15:18:19,Running,,3.10,24:47,7:59,7.51,321.0,79,,"","",2020-05-24-151819.gpx
1cc1c9c2-5e5e-4b17-bd37-7458d23a204c,2020-05-23 16:42:40,Running,,2.77,25:09,9:04,6.62,282.0,80,,"","Quads felt gassed ",2020-05-23-164240.gpx
b2d7518b-e0c0-4758-af58-c0d1303b441c,2020-05-20 17:00:59,Running,,3.53,31:45,9:00,6.67,366.0,108,,"","Outside, ran with J, no compressors ",2020-05-20-170059.gpx
4bb85110-193a-42bf-8f91-5b3ab590bbd9,2020-05-18 17:19:18,Running,,3.10,23:13,7:29,8.01,323.0,97,,"","Outside myself no compressors !",2020-05-18-171918.gpx
df94ec44-c0dc-473f-98ea-f06033f0dbf0,2020-05-15 16:32:58,Running,,4.54,43:00,9:28,6.33,479.0,204,,"","Middle left quad was a little achy.  Outside with J",2020-05-15-163258.gpx
d3e752e7-fc2f-4de5-b10f-e655992063a5,2020-05-14 17:17:08,Cycling,,12.55,55:21,4:25,13.60,430.0,380,,"","",2020-05-14-171708.gpx
965b8487-9859-4f09-b136-ed053f88eeca,2020-05-10 19:17:09,Running,,2.83,28:15,9:59,6.01,296.0,91,,"","",2020-05-10-191709.gpx
f8c7ec8e-e7fb-47eb-9293-fd7852f501c9,2020-05-09 15:29:06,Running,,3.10,23:41,7:38,7.86,320.0,89,,"","By myself outside no compressors ",2020-05-09-152906.gpx
97341d80-0575-4916-878a-8ce4b0421705,2020-05-03 10:54:14,Running,,3.76,35:32,9:27,6.35,401.0,246,,"","With J.  Felt pretty good .  No compressors ",2020-05-03-105414.gpx
a044b26e-5a95-4fda-9093-da9222139c23,2020-05-02 14:13:59,Cycling,,15.58,1:10:49,4:33,13.20,508.0,586,,"","Biked with sDinges",2020-05-02-141359.gpx
64b231d2-7e5b-4db1-91b0-16a8acc3b979,2020-04-29 16:28:21,Running,,3.12,28:06,9:01,6.65,314.0,93,,"","Outside , with J.  Right calf twinge",2020-04-29-162821.gpx
4bda7172-cd37-454b-9641-a674ab6efdb9,2020-04-27 16:59:52,Cycling,,10.21,42:41,4:11,14.35,345.0,353,,"","First ride outside of the year ",2020-04-27-165952.gpx
5c0b44c9-2993-4613-8278-753a67b9a430,2020-04-26 16:03:06,Running,,3.10,28:40,9:14,6.49,322.0,89,,"","",2020-04-26-160306.gpx
8627eb07-e215-4f03-9051-6ea38d6634a7,2020-04-24 16:35:01,Running,,3.12,25:56,8:19,7.22,322.0,100,,"","Outside , no compressors ",2020-04-24-163501.gpx
c0af7476-31a3-4b84-adfb-4a14a2ec3caf,2020-04-22 17:16:25,Running,,3.20,34:06,10:39,5.63,329.0,86,,"","With Soc ",2020-04-22-171625.gpx
16df3d1c-cca9-43f5-8b03-0dd86b40e081,2020-04-18 13:04:11,Running,,3.10,27:10,8:46,6.84,323.0,132,,"","Outside.  Left quad slightly odd, same with right it band ",2020-04-18-130411.gpx
1b48d603-2b17-42b1-8d38-640790ca89ef,2020-04-06 16:54:34,Running,,3.62,34:16,9:28,6.34,383.0,178,,"","",2020-04-06-165434.gpx
297aad39-c855-47ea-9aa5-951312ea7673,2020-04-01 18:11:47,Running,,3.51,29:56,8:32,7.03,360.0,99,,"","",2020-04-01-181147.gpx
a498e0ff-d26d-4138-b115-446a4b96b9e8,2020-03-30 17:49:36,Running,,3.10,24:29,7:54,7.60,320.0,104,,"","",2020-03-30-174936.gpx
13d4e730-e3de-4cdc-80c7-f9417d450c9b,2020-03-26 17:16:00,Running,,3.05,24:57,8:12,7.32,312.0,84,,"","",2020-03-26-171600.gpx
00ca3ad4-3a0b-4cf6-9b3c-a48792183654,2020-03-20 13:35:46,Running,,0.92,7:45,8:26,7.12,95.0,21,,"","",2020-03-20-133546.gpx
f001151e-a7fb-4652-8cb5-cacfe8ca82fc,2020-03-17 16:33:04,Running,,1.72,13:53,8:04,7.44,177.0,23,,"","",2020-03-17-163304.gpx
f8c58c20-ed0a-40cc-850f-c2fed2912c9e,2020-03-08 14:03:44,Running,,3.01,27:52,9:17,6.47,304.0,59,,"","Left quad tired later.  Left side it band hurting and the right side later.  First run outside in a while. NC",2020-03-08-140344.gpx
6d53dcd4-f229-4609-ba02-e4a304a31172,2019-11-28 10:29:46,Running,,3.01,26:15,8:44,6.87,305.0,53,,"","Side of left leg felt a little cramp towards end ",2019-11-28-102946.gpx
8d7630de-6122-4747-9cba-994ed60d5769,2019-10-26 16:24:37,Running,,1.88,20:08,10:43,5.60,184.0,38,,"","",2019-10-26-162437.gpx
02da2117-4e98-42c7-8918-12ed4dbb1710,2019-09-30 17:20:58,Running,,1.82,14:24,7:55,7.58,186.0,34,,"","No compressors , hot, 84 F",2019-09-30-172058.gpx
355a62ad-2d23-49e0-bc0a-949952daf569,2019-09-23 18:03:16,Running,,2.53,23:54,9:27,6.35,259.0,51,,"","First run in a while without compressors",2019-09-23-180316.gpx
4c8f0b63-32d7-4369-a7ec-c683296bf6a4,2019-09-05 21:52:31,Running,,3.14,29:22,9:21,6.42,334.334488168849,0,,"","",
71d631d7-6fc8-473a-986a-8b6eeabfeb49,2019-09-02 16:30:43,Running,,3.14,28:51,9:11,6.53,322.0,95,,"","Chose to wear compressors for left quad.  Still wore on both sides.  Walked a couple times but had no pain.",2019-09-02-163043.gpx
163f43b1-2ce2-459e-9e9d-578ad9a37789,2019-08-22 18:23:07,Running,,2.15,22:24,10:27,5.74,214.0,41,,"","",2019-08-22-182307.gpx
5dd53924-96e8-43d9-a1a1-50989325e50c,2019-07-31 18:40:22,Running,,2.55,26:45,10:30,5.71,260.0,62,,"","",2019-07-31-184022.gpx
0692ae63-c82f-481f-aa91-1baa1d2cf90f,2019-07-28 18:07:03,Running,,1.79,16:41,9:19,6.44,180.0,36,,"","",2019-07-28-180703.gpx
f73cb615-c675-4b5b-8c0b-b414802df425,2019-07-25 18:32:00,Cycling,,15.38,1:12:58,4:45,12.65,501.0,749,,"","",2019-07-25-183200.gpx
c3567959-0a7d-41c7-9ab1-82e59ef5facf,2019-07-18 18:54:30,Running,,0.58,4:58,8:36,6.98,58.0,4,,"","",2019-07-18-185430.gpx
d4e485b5-fb61-4a66-9a27-b8b6d110e3c9,2019-07-13 13:02:17,Cycling,,18.63,1:30:56,4:53,12.29,665.0,521,,"","",2019-07-13-130217.gpx
708dff47-fa28-418b-af46-9dbbbdc950d8,2019-07-08 18:27:24,Running,,0.59,4:40,7:59,7.52,59.0,5,,"","",2019-07-08-182724.gpx
abe2f7f6-8d6d-40ab-8e92-63d5698442bf,2019-07-07 15:38:08,Cycling,,16.62,1:13:17,4:25,13.60,574.0,329,,"","",2019-07-07-153808.gpx
6e5409ee-24a8-4f40-9366-7f72a3734e1d,2019-06-30 16:36:07,Cycling,,19.04,1:25:20,4:29,13.39,670.0,385,,"","",2019-06-30-163607.gpx
cff9cde7-b58d-431e-889a-b395d8a5b147,2019-06-23 20:20:51,Running,,0.54,4:20,8:06,7.41,53.0,13,,"","",2019-06-23-202051.gpx
2953430d-c348-4c74-a3a3-9ac53bd49985,2019-06-12 19:11:02,Running,,1.97,18:40,9:28,6.34,201.0,40,,"","",2019-06-12-191102.gpx
aa8c7be1-1453-478e-9093-2dbf296fba3c,2019-06-08 13:26:32,Running,,1.91,15:54,8:20,7.20,195.0,34,,"","",2019-06-08-132632.gpx
1d2580e8-b181-4ea1-8172-749fefe51b59,2019-06-06 18:11:44,Cycling,,14.19,1:06:06,4:40,12.88,488.0,529,,"","",2019-06-06-181144.gpx
885e144f-bf85-4202-9df2-a1d0792ce61b,2019-06-02 10:40:36,Cycling,,18.25,1:26:05,4:43,12.72,599.0,578,,"","",2019-06-02-104036.gpx
f323655f-4745-40ea-abfe-f0a75fbce1f9,2019-05-30 18:39:03,Cycling,,9.66,49:03,5:05,11.81,324.0,414,,"","",2019-05-30-183903.gpx
3f9fceea-42fa-43c0-b56a-dbf9c1877402,2019-05-25 12:22:05,Running,,2.71,23:38,8:43,6.89,278.0,124,,"","",2019-05-25-122205.gpx
c4cc0c3b-3a4f-4d03-8f72-227e83553d0c,2019-05-12 15:37:28,Running,,0.58,4:51,8:19,7.21,59.0,3,,"","",2019-05-12-153728.gpx
036e248d-1d56-46f6-b900-0f872fba8cee,2019-05-10 18:03:44,Running,,2.02,18:36,9:13,6.50,207.0,40,,"","",2019-05-10-180344.gpx
a4be14ff-6ce8-4c99-a60f-4c519db1e08a,2019-05-10 17:11:50,Cycling,,9.79,41:00,4:11,14.32,352.0,174,,"","",2019-05-10-171150.gpx
4c3a9295-51d2-4463-8fb5-76c5903bed62,2019-05-04 09:54:20,Running,,2.62,21:48,8:20,7.20,258.0,30,,"","",2019-05-04-095420.gpx
abc92139-c6a8-4a75-aaf0-8b3c99e230fb,2019-04-28 14:34:51,Cycling,,11.46,48:55,4:16,14.06,401.0,229,,"J Alter,","First bike ride of the season ",2019-04-28-143451.gpx
1ac81bca-5ae6-45d1-bf49-4a1c70fec481,2019-04-26 17:12:29,Running,,0.78,6:45,8:41,6.92,79.0,7,,"","",2019-04-26-171229.gpx
1d4848ab-d7d1-4dbd-b629-40673c137272,2019-04-23 16:56:25,Running,,0.57,4:29,7:51,7.65,59.0,4,,"","",2019-04-23-165625.gpx
88eebd40-0be4-4eea-bad8-63f4ee7124ed,2019-04-21 16:26:10,Running,,0.59,4:33,7:45,7.73,60.0,5,,"","",2019-04-21-162610.gpx
6e7316c1-f67a-404c-87f4-7f3af02ac2c2,2019-04-20 09:53:48,Running,,0.59,4:45,8:01,7.48,60.0,5,,"","",2019-04-20-095348.gpx
54885452-df0c-43ed-b602-10392911d8d4,2019-04-19 16:51:15,Running,,0.55,4:35,8:18,7.22,56.0,3,,"","",2019-04-19-165115.gpx
f8cfce07-195f-4d88-8651-07dda5fd0679,2019-04-16 17:53:45,Running,,0.46,5:31,11:58,5.01,45.0,14,,"","",2019-04-16-175345.gpx
25e425af-40d9-4f2f-a648-343273dbb0d5,2019-04-16 16:54:34,Running,,0.59,4:29,7:37,7.88,59.0,5,,"","",2019-04-16-165434.gpx
8d5212ba-1c52-4794-907e-de17705b2261,2019-03-21 17:44:46,Walking,,0.44,8:45,19:51,3.02,35.0,25,,"","",2019-03-21-174446.gpx
e634b1e5-5962-41a5-8fd8-548e45cac3d3,2019-03-21 17:28:36,Running,,1.76,15:27,8:48,6.82,178.0,33,,"","",2019-03-21-172836.gpx
e2dc9502-3bdf-43de-a64c-c4607871c642,2018-09-11 17:45:30,Cycling,,18.10,1:14:54,4:08,14.50,626.0,425,,"","",2018-09-11-174530.gpx
58cc6b3a-7102-4b2f-a6d2-df60b6fbca07,2018-09-06 17:56:32,Cycling,,17.14,1:15:13,4:23,13.67,602.0,396,,"","",2018-09-06-175632.gpx
f3e43c55-316c-43f5-b722-683531acecd9,2018-09-05 18:18:29,Running,,2.02,15:49,7:51,7.64,204.0,37,,"","",2018-09-05-181829.gpx
4b779312-8d2e-4fe2-9abe-6237910e319e,2018-08-28 17:11:52,Running,,2.85,27:33,9:40,6.20,293.0,48,,"","",2018-08-28-171152.gpx
607ea912-0736-43fa-bde0-119cd8af1f81,2018-08-21 17:00:15,Running,,2.05,16:10,7:53,7.62,208.0,46,,"","",2018-08-21-170015.gpx
7c1ed618-3d51-4785-9f7b-b38522522140,2018-07-23 16:42:25,Running,,2.38,18:29,7:47,7.70,245.0,58,,"","It was good until my left quad started hurting from ultimate this past week",2018-07-23-164225.gpx
64f1e4c6-bad2-40e5-951e-245ce788b61b,2018-07-15 09:48:42,Cycling,,15.93,1:19:30,5:00,12.02,572.0,268,,"","",2018-07-15-094842.gpx
54d6f968-f857-4296-93fa-c1cc55c7deb6,2018-07-13 17:34:16,Running,,3.06,26:02,8:32,7.04,322.0,151,,"","",2018-07-13-173416.gpx
db0e305f-0772-4ed5-ac99-5382fb9efe88,2018-07-09 17:30:27,Running,,2.07,19:57,9:39,6.22,214.0,67,,"","",2018-07-09-173027.gpx
e3bc6637-40da-4fe0-8c7f-b75dc9d1f0b5,2018-07-09 16:41:21,Cycling,,9.34,39:57,4:17,14.03,321.0,239,,"","",2018-07-09-164121.gpx
c6b9e504-db43-4e2a-b7f7-e3fd7411c46f,2018-07-07 09:11:36,Running,,2.04,17:03,8:22,7.17,208.0,46,,"","",2018-07-07-091136.gpx
9b7c44f4-816a-44a0-85b6-11d1d85d028d,2018-06-26 18:06:50,Running,,1.18,8:36,7:19,8.20,109.0,25,,"","",2018-06-26-180650.gpx
9be65bcb-2872-49c1-8c3d-8a5e48ed7d7c,2018-06-20 17:44:51,Running,,2.57,25:14,9:50,6.10,269.0,92,,"","",2018-06-20-174451.gpx
76eeef5b-4c86-42de-8369-981f66f6007b,2018-06-12 17:08:04,Running,,2.58,20:10,7:50,7.66,269.0,98,,"","",2018-06-12-170804.gpx
73becfe4-937a-44dd-b2ae-d6d3397acc31,2018-05-21 17:11:14,Running,,1.59,12:07,7:37,7.88,164.0,34,,"","Left quad a little sore.  ;
4 days after first ultimate game ",2018-05-21-171114.gpx
cbfda2d0-091f-4534-817d-33d6e566763d,2018-05-07 17:22:10,Running,,2.07,15:34,7:31,7.99,212.0,37,,"","",2018-05-07-172210.gpx
4dcb288e-d948-42f0-96ea-0e9e18a173b4,2018-04-30 17:00:55,Running,,1.10,9:14,8:24,7.15,113.0,39,,"","Headache started ",2018-04-30-170055.gpx
bf952402-8a33-4687-b2de-9cc5e9afbf78,2018-04-25 17:33:10,Running,,2.74,24:22,8:54,6.75,284.0,95,,"","",2018-04-25-173310.gpx
d6c4309a-74e4-4b34-82bf-4db72d399e21,2018-03-16 15:15:05,Running,,1.99,16:46,8:26,7.11,210.0,107,,"","",2018-03-16-151505.gpx
3bf0c0eb-236b-4b82-b447-6e59423573c8,2018-03-14 18:39:28,Running,,0.82,6:50,8:24,7.14,83.0,16,,"","",2018-03-14-183928.gpx
ef841548-6d2b-455c-a474-2cdd38e7c21f,2018-03-14 17:42:38,Running,,0.91,7:08,7:53,7.62,93.0,26,,"","",2018-03-14-174238.gpx
c31ea071-0231-4df8-8bae-df7849f39089,2017-11-26 16:13:22,Running,,2.43,17:37,7:15,8.27,253.0,85,,"","",2017-11-26-161322.gpx
a8d4edcc-761f-439a-ace5-fd2a25fd1834,2017-10-25 15:54:29,Running,,3.00,23:35,7:53,7.62,295.0,100,,"","",2017-10-25-155429.gpx
1b952cf2-b8e6-413a-bff8-5a913d63fc5b,2017-10-22 16:15:51,Cycling,,15.92,1:05:14,4:06,14.64,532.0,532,,"","",2017-10-22-161551.gpx
01c45592-4299-438c-9e2a-b9d2f77bb704,2017-10-18 16:17:41,Running,,3.44,28:31,8:18,7.24,355.0,105,,"","",2017-10-18-161741.gpx
73793bd8-edfa-47b8-94b1-283a7c113f90,2017-10-16 17:59:10,Running,,3.15,24:42,7:50,7.66,334.0,151,,"","",2017-10-16-175910.gpx
4046241d-9f1b-4e2e-980f-27272f874251,2017-10-10 16:57:02,Running,,3.00,22:39,7:33,7.94,318.0,156,,"","",2017-10-10-165702.gpx
5264b246-58f4-40c5-a3de-042070a5a57f,2017-10-05 08:22:02,Running,,2.13,17:26,8:11,7.33,224.0,108,,"","",2017-10-05-082202.gpx
cf448843-9eae-4783-b6a6-67dd38010a85,2017-09-26 18:17:26,Running,,3.00,21:48,7:16,8.26,313.0,114,,"","",2017-09-26-181726.gpx
05739496-398c-4d93-9f9c-dd6fe0fa816f,2017-09-23 14:51:38,Cycling,,10.05,41:53,4:10,14.39,353.0,214,,"","",2017-09-23-145138.gpx
a9df3df7-86fa-416c-8535-75182d928a86,2017-09-22 10:12:45,Running,,2.44,22:50,9:22,6.41,254.0,88,,"","Quads were sore from lunges so I jogged slowed",2017-09-22-101245.gpx
82bf7e06-619c-4451-b9fe-717debc262ac,2017-09-14 11:01:31,Running,,2.53,19:48,7:51,7.65,274.0,212,,"","",2017-09-14-110131.gpx
5def7621-915e-4c6e-8079-a06bea6b16bd,2017-09-13 18:16:07,Cycling,,16.99,1:08:20,4:01,14.91,586.0,302,,"","",2017-09-13-181607.gpx
ebe6e83b-cfe8-494b-84ec-cb9b51624f30,2017-09-11 16:00:04,Running,,2.32,20:47,8:58,6.69,244.0,133,,"","",2017-09-11-160004.gpx
11dff897-bb4f-4db1-9a18-7b02ce7c687d,2017-09-09 14:53:51,Cycling,,11.34,55:33,4:54,12.24,386.0,245,,"","",2017-09-09-145351.gpx
f97d1177-db93-4e33-9193-f3852ff774b6,2017-09-08 18:55:53,Cycling,,11.76,50:07,4:16,14.08,406.0,217,,"","",2017-09-08-185553.gpx
a4e62da8-7507-4cc8-b7ac-f44e7f71c24a,2017-09-06 15:28:26,Running,,2.52,19:00,7:33,7.94,262.0,93,,"","",2017-09-06-152826.gpx
43a43779-6a1a-4fe2-8099-386b70ffd354,2017-09-04 11:56:53,Cycling,,7.90,48:19,6:07,9.80,243.0,301,,"","Biked with mom and dad so it was slower",2017-09-04-115653.gpx
f6d98a5f-9a98-47ae-bbda-c4dc336895ca,2017-09-01 16:58:02,Running,,0.45,5:45,12:56,4.64,42.0,8,,"","Cool down after a run",2017-09-01-165802.gpx
f2b1d707-3388-49fd-bc40-823c80d51986,2017-09-01 16:42:46,Running,,2.01,14:10,7:04,8.49,214.0,148,,"","",2017-09-01-164246.gpx
467572cc-df94-4462-8db3-b01a8d09e18b,2017-08-31 14:20:34,Running,,2.15,15:58,7:25,8.08,226.0,91,,"","",2017-08-31-142034.gpx
6eb9497c-6550-47a3-9ead-0553f853857f,2017-08-29 15:31:30,Cycling,,16.01,1:06:48,4:10,14.37,522.0,750,,"","",2017-08-29-153130.gpx
33fd4e84-1492-44c5-85e2-6403a250a34a,2017-08-27 14:30:25,Cycling,,16.02,1:04:22,4:01,14.93,559.0,338,,"","",2017-08-27-143025.gpx
1fa868d9-3830-4913-927a-25443febae95,2017-08-25 12:11:15,Cycling,,13.44,1:01:13,4:33,13.17,443.0,414,,"","",2017-08-25-121115.gpx
5c220a29-bb26-4cc1-9049-7bebb4b3e072,2017-08-22 12:25:46,Running,,3.53,28:41,8:08,7.38,367.0,121,,"","",2017-08-22-122546.gpx
8cc2a503-1d5a-427c-989e-f98a70a131dd,2017-08-11 16:36:33,Cycling,,20.29,1:32:36,4:34,13.14,678.0,837,,"","",2017-08-11-163633.gpx
e41da994-1917-495e-b448-a8c9d9d114ee,2017-08-09 11:18:12,Running,,2.76,24:25,8:51,6.78,292.0,305,,"","",2017-08-09-111812.gpx
4816e77d-5be4-4e90-8780-abef733a773e,2017-08-07 16:11:22,Cycling,,13.33,55:42,4:11,14.35,456.0,326,,"","",2017-08-07-161122.gpx
88657ab4-be59-443f-a0c1-a07aff5bd1fc,2017-08-06 16:24:08,Running,,2.50,19:29,7:48,7.70,261.0,81,,"","",2017-08-06-162408.gpx
9d0da373-9d88-49e8-b6b0-d6d8cff5d123,2017-07-28 18:20:43,Running,,2.02,16:58,8:25,7.12,207.0,74,,"","Slightly strained left quad, day after ultimate ",2017-07-28-182043.gpx
2484a458-3c88-4c5d-9d5a-0bfbfc4d7194,2017-07-22 18:20:32,Running,,2.67,29:10,10:55,5.50,288.0,397,,"","",2017-07-22-182032.gpx
3ff70ebd-8096-4126-90dd-c85359eea566,2017-07-17 15:05:57,Running,,4.00,30:37,7:39,7.84,410.0,59,,"","",2017-07-17-150557.gpx
9409a0be-17fe-417f-b19c-fe313e2199b3,2017-07-10 12:25:39,Cycling,,10.56,43:31,4:07,14.55,351.0,246,,"","",2017-07-10-122539.gpx
e1c3ca99-1085-4dbf-b46a-2abb28e8ae94,2017-07-10 11:53:55,Running,,1.86,14:05,7:35,7.91,188.0,17,,"","",2017-07-10-115355.gpx
28e4e43e-938c-4d91-b74c-a2b7faf00d98,2017-07-07 15:42:44,Cycling,,10.78,49:56,4:38,12.94,356.0,344,,"","",2017-07-07-154244.gpx
a79296d3-7b00-41a9-a257-705f8cb0dcca,2017-07-03 15:44:22,Running,,1.69,17:02,10:04,5.96,173.0,13,,"","",2017-07-03-154422.gpx
fe553e54-76e6-4f3c-954d-2ec03597bb93,2017-07-02 17:44:51,Running,,3.16,23:17,7:23,8.13,321.0,29,,"","First run after Australia ",2017-07-02-174451.gpx
5e4b2e55-2ea0-4316-98da-e1b5685c92f2,2017-06-29 18:23:20,Running,,2.00,17:14,8:36,6.98,212.0,162,,"","",2017-06-29-182320.gpx
40b15ab2-c4ff-41bd-9ced-6edf3c88afe1,2017-06-20 08:29:33,Running,,2.18,19:28,8:56,6.72,244.0,320,,"","",2017-06-20-082933.gpx
c851cb43-10f9-4473-bd8f-3aea5fb3cfc9,2017-06-11 07:52:54,Running,,2.01,15:18,7:38,7.87,212.0,88,,"","",2017-06-11-075254.gpx
607ce293-76dd-43d6-8518-374025fbc2a2,2017-06-04 19:25:12,Running,,3.23,24:01,7:27,8.05,338.0,145,,"","",2017-06-04-192512.gpx
189a2e1d-3e22-4082-bc44-a0c506144bfe,2017-06-02 14:06:30,Running,,2.18,21:20,9:47,6.13,236.0,248,,"","Left quad was sore from running 2 days ago but it didn't bother me during this run ",2017-06-02-140630.gpx
c531531b-82ce-4591-95b8-d8fcfaa2f351,2017-05-31 14:42:48,Running,,3.50,27:05,7:44,7.76,371.0,177,,"","",2017-05-31-144248.gpx
7aa9ef77-5f1c-407e-9838-e1e93276afd2,2017-05-24 08:04:07,Running,,1.84,13:50,7:31,7.99,190.0,49,,"","",2017-05-24-080407.gpx
2f779374-5126-4b5b-81ec-f2598b16204f,2017-05-18 18:17:14,Cycling,,16.45,1:07:43,4:07,14.57,574.0,467,,"","",2017-05-18-181714.gpx
408c0235-c1c6-46e2-8a08-e3fa08ffa3b3,2017-05-14 16:03:40,Cycling,,12.52,56:44,4:32,13.24,442.0,321,,"","",2017-05-14-160340.gpx
73109521-915e-44d8-ac14-6ee3d837290a,2017-05-10 08:55:55,Running,,1.53,16:56,11:03,5.43,162.0,129,,"","With sarah ",2017-05-10-085555.gpx
6fa275f6-0684-4501-b46b-b20951d347e4,2017-04-21 18:10:44,Running,,3.32,28:33,8:36,6.98,354.0,244,,"","",2017-04-21-181044.gpx
518ea554-f37a-44fa-b1a6-2a61a82ba0b8,2017-04-15 16:17:08,Cycling,,5.95,25:28,4:17,14.00,196.0,230,,"","",2017-04-15-161708.gpx
5838bf81-2b99-4d72-9f05-9996c5fdb7e1,2017-04-14 18:16:20,Running,,3.51,30:47,8:47,6.83,363.0,93,,"","",2017-04-14-181620.gpx
b5aafd21-8372-4858-aff7-63b800b95f34,2017-04-08 16:51:18,Running,,2.36,19:51,8:25,7.12,244.0,75,,"","",2017-04-08-165118.gpx
bc26327a-f7a8-474b-9bfb-c164ce8126d0,2017-04-04 18:09:19,Running,,2.04,16:05,7:53,7.62,210.0,41,,"","",2017-04-04-180919.gpx
c7d53c4e-50f7-4f44-a857-f304ef53b09f,2017-04-01 17:26:59,Running,,2.12,17:58,8:30,7.06,215.0,49,,"","",2017-04-01-172659.gpx
7e47bfbe-eb88-4e05-ae96-5ef0d1cab3e4,2017-03-27 17:48:42,Running,,2.78,22:54,8:15,7.27,291.0,162,,"","Top of right calf has been tight ",2017-03-27-174842.gpx
0f540862-b2f9-4882-8e2c-4eb5b4691c7a,2017-03-07 16:52:22,Running,,3.19,23:35,7:24,8.11,329.0,98,,"","",2017-03-07-165222.gpx
62044512-4886-48b2-992d-abe58e424039,2017-01-21 12:25:01,Running,,3.21,27:57,8:42,6.89,335.0,176,,"","",2017-01-21-122501.gpx
a8e0899a-a3b9-41ef-9d23-b65f8573f033,2016-12-11 15:10:26,Running,,4.42,41:19,9:21,6.42,469.0,278,,"","Snow run!!!",2016-12-11-151026.gpx
83636ba8-3d8b-4a21-b4a1-2aaf8f6c5bde,2016-11-29 16:02:06,Running,,0.88,7:46,8:52,6.77,99.0,122,,"","",2016-11-29-160206.gpx
fc4971eb-9735-478b-9e12-c4eb6d01a410,2016-11-12 14:00:54,Running,,4.41,38:35,8:46,6.85,459.0,266,,"","",2016-11-12-140054.gpx
8b6f9c47-7e53-4a5b-9119-21b25979c9d5,2016-11-06 15:20:26,Running,,1.76,20:12,11:30,5.22,160.0,59,,"","Did other exercises first so just ran to and from an open field",2016-11-06-152026.gpx
4b23ef70-5a7f-43eb-a0e5-e173784d553a,2016-11-05 12:42:37,Running,,4.01,31:59,7:58,7.52,422.0,273,,"","",2016-11-05-124237.gpx
dfadb709-88e1-4a5f-b3e9-692dcc1cc89e,2016-11-01 17:09:39,Running,,3.02,26:14,8:41,6.90,321.0,189,,"","",2016-11-01-170939.gpx
361d8d68-6e0e-4ce0-975b-d62336d83a2c,2016-10-22 13:08:11,Running,,3.55,31:23,8:51,6.78,362.0,83,,"","",2016-10-22-130811.gpx
90c22338-8081-4627-b50b-980b2ec16c48,2016-10-16 17:39:33,Running,,3.75,30:38,8:10,7.35,388.0,122,,"","",2016-10-16-173933.gpx
bd8fb2c7-082d-4c9a-b39a-2a3a0ff71d1c,2016-10-02 16:10:13,Running,,4.06,33:09,8:11,7.34,430.0,235,,"","",2016-10-02-161013.gpx
461eeff9-7d6b-4e78-9c34-a6eed1aad8c5,2016-09-29 17:05:11,Running,,3.23,25:05,7:46,7.73,339.0,174,,"","",2016-09-29-170511.gpx
dfe15e42-f46e-4826-a881-5f8d041c8def,2016-09-25 17:03:03,Running,,3.02,30:37,10:08,5.92,313.0,72,,"","Felt natious",2016-09-25-170303.gpx
5bee3d33-fe6f-40a9-9abf-1ee8c28208fb,2016-09-20 19:08:38,Running,,1.02,10:29,10:18,5.82,103.0,36,,"","",2016-09-20-190838.gpx
bddbb059-1300-419f-ba51-c060f3dcce76,2016-09-19 18:51:08,Running,,0.92,10:58,11:55,5.03,85.0,24,,"","",2016-09-19-185108.gpx
78e5a9ce-f3d6-4aa5-8890-b2be0942287d,2016-09-18 17:47:39,Walking,,0.20,5:03,24:46,2.42,17.0,27,,"","",2016-09-18-174739.gpx
09367927-c40e-4f20-a64f-b7c38ecacd9f,2016-09-18 17:11:28,Running,,2.58,20:10,7:49,7.68,282.0,229,,"","",2016-09-18-171128.gpx
1af7e65e-9444-48b5-9837-a47e7d760a55,2016-09-14 17:49:20,Running,,4.02,29:42,7:24,8.11,427.0,254,,"","",2016-09-14-174920.gpx
f876bead-0537-41f1-8f3b-b68afa93b626,2016-09-11 18:46:52,Running,,2.09,19:15,9:14,6.50,215.0,133,,"","",2016-09-11-184652.gpx
ce1dff76-5146-4996-ad63-0b74e772edf1,2016-09-10 13:46:52,Running,,2.03,16:53,8:19,7.21,209.0,61,,"","Two days after quad cramp",2016-09-10-134652.gpx
59c303f8-f33a-498b-abd7-29443f0257b0,2016-09-05 18:01:17,Running,,4.04,36:10,8:58,6.70,422.0,225,,"","Tried to do a slower pace because I have ultimate the next day and caught Pokémon",2016-09-05-180117.gpx
57411f48-d149-4bdd-83d2-497904587eef,2016-09-03 16:19:24,Running,,2.90,26:04,9:00,6.66,306.0,180,,"","",2016-09-03-161924.gpx
c24ebba2-b87e-4570-8369-9bd1c0a7de18,2016-09-03 15:14:28,Cycling,,13.10,53:01,4:03,14.82,425.0,576,,"","",2016-09-03-151428.gpx
7cdfbf21-3590-4a28-a55c-431a2bbebc5d,2016-08-28 16:54:16,Walking,,0.66,12:07,18:30,3.24,55.0,37,,"","",2016-08-28-165416.gpx
314248ac-e089-446b-8cc9-a743b6c5bba7,2016-08-28 16:27:53,Running,,3.32,25:19,7:38,7.86,345.0,121,,"","",2016-08-28-162753.gpx
d0773074-6ac7-4251-9482-64688bd539f8,2016-08-21 18:20:38,Running,,3.34,26:40,8:00,7.50,348.0,182,,"","",2016-08-21-182038.gpx
01e29634-468f-438b-9e60-f8fbdbb1cfed,2016-08-18 17:37:53,Running,,4.01,31:31,7:51,7.64,415.0,115,,"","",2016-08-18-173753.gpx
fac7eb86-356e-4ccb-b309-fd972220e3ae,2016-08-14 12:21:56,Running,,3.29,47:15,14:22,4.17,309.0,81,,"","Cramp in my left quad after a day of lifting for legs",2016-08-14-122156.gpx
62e5dbfe-3548-403f-9527-7f917e8d7c65,2016-08-08 18:43:48,Running,,3.00,22:40,7:34,7.94,308.0,65,,"","",2016-08-08-184348.gpx
f5110e05-27c9-4292-a0ea-1a851d8c25e3,2016-08-08 14:43:58,Cycling,,3.06,15:10,4:57,12.11,106.0,195,,"","",2016-08-08-144358.gpx
2900aa9e-01e2-40b6-8ca5-0f3ba05f4ffb,2016-08-06 15:19:56,Cycling,,12.78,51:31,4:02,14.88,424.0,562,,"","",2016-08-06-151956.gpx
98c08593-5ddb-4bf0-bb31-038061a196fe,2016-07-27 07:53:24,Cycling,,2.76,17:32,6:22,9.43,110.0,309,,"","",2016-07-27-075324.gpx
aed9650e-4592-4137-af85-151644dbb471,2016-07-04 16:14:40,Running,,3.00,22:13,7:24,8.10,326.0,262,,"","",2016-07-04-161440.gpx
83bc517c-de07-4fdc-ae9b-689a099eeea7,2016-07-02 19:05:43,Running,,4.43,43:35,9:50,6.10,490.0,405,,"","",2016-07-02-190543.gpx
22af7f06-1529-4d0c-b2db-dc5de704b248,2016-06-29 19:05:53,Running,,2.36,20:16,8:35,6.98,255.0,182,,"","Ran between days of ultimate ",2016-06-29-190553.gpx
fae598af-78d3-4acf-9637-fc792c80144f,2016-06-19 19:35:37,Walking,,0.81,19:16,23:44,2.53,62.0,47,,"","",2016-06-19-193537.gpx
44cf1faf-6fa3-43e4-ba2f-797a7684a722,2016-06-12 18:56:54,Running,,3.31,23:59,7:15,8.27,344.0,143,,"","",2016-06-12-185654.gpx
ae3507cf-b0e1-4633-aca0-b104c7ca3e7d,2016-06-11 17:56:10,Hiking,,2.75,55:56,20:20,2.95,260.0,376,,"","",2016-06-11-175610.gpx
1c071e8d-6363-44f0-b19a-29f74f65fec5,2016-06-08 17:29:21,Running,,3.76,35:11,9:21,6.41,391.0,120,,"","",2016-06-08-172921.gpx
8c40a2f2-b019-426d-b35c-84f3b56c3403,2016-06-05 11:03:02,Cycling,,9.71,55:03,5:40,10.58,338.0,167,,"","",2016-06-05-110302.gpx
3626ebff-c593-4be4-92ca-470ea13719cf,2016-06-01 18:58:48,Running,,2.01,16:03,8:01,7.49,214.0,141,,"","",2016-06-01-185848.gpx
d92c98fb-cdf9-4092-a945-6386339d2bb1,2016-06-01 18:40:05,Cycling,,3.17,14:46,4:40,12.88,106.0,167,,"","",2016-06-01-184005.gpx
19861e54-c073-49cc-a252-0ea611a0d0d6,2016-05-08 13:43:11,Cycling,,14.44,1:06:13,4:35,13.08,506.0,238,,"","",2016-05-08-134311.gpx
eed91ce8-0427-4c63-915d-238deb376fa7,2016-05-06 17:06:05,Running,,3.02,26:10,8:40,6.93,313.0,98,,"","Did it the day after a first leg day on several weeks so started off sore",2016-05-06-170605.gpx
c6ab5308-d09a-45a2-b991-a4077c52b06c,2016-05-01 16:53:27,Running,,3.23,25:12,7:48,7.69,338.0,120,,"","",2016-05-01-165327.gpx
a993b37a-142d-4982-9078-76acfbb58f78,2016-04-17 10:01:49,Running,,1.12,9:55,8:51,6.78,112.0,77,,"","",2016-04-17-100149.gpx
d2652b31-2080-4839-bf24-7e6190cb7042,2016-03-08 17:28:48,Running,,3.04,25:32,8:24,7.14,318.0,167,,"","Day after recovery from flu but had been doing 1 mile 3/4 times a eek for several weeks before flu ",2016-03-08-172848.gpx
06b19d7f-1b1e-48f1-b394-9e447a85a6ac,2015-11-15 16:01:41,Running,,6.01,51:24,8:33,7.02,731.0,1571,,"","",2015-11-15-160141.gpx
05e6a6b0-862c-484c-afc9-64626b7db8fb,2015-11-11 17:24:52,Running,,3.55,30:08,8:30,7.06,416.0,882,,"","",2015-11-11-172452.gpx
19000382-501c-4b9d-950e-0e11475c0e86,2015-11-03 16:49:31,Running,,3.91,35:34,9:06,6.59,488.0,1171,,"","",2015-11-03-164931.gpx
f9494258-e033-48e5-864c-c2e841e50e48,2015-11-01 16:13:56,Running,,4.04,34:04,8:26,7.12,418.0,259,,"","",2015-11-01-161356.gpx
b552c1a5-3170-487a-800c-5721b97913ca,2015-10-18 12:32:48,Running,,3.01,28:26,9:26,6.36,352.0,659,,"","",2015-10-18-123248.gpx
9bc0ba5f-1a1c-4946-b032-0d52db087432,2015-10-11 17:04:45,Running,,3.00,22:31,7:30,8.00,370.0,859,,"","",2015-10-11-170445.gpx
0cee414c-14cd-43fa-b835-cb7752bfac3c,2015-10-05 17:42:42,Running,,2.02,17:58,8:55,6.73,247.0,561,,"","",2015-10-05-174242.gpx
ecae1025-f660-4f17-8d1d-e6c12770887d,2015-10-03 12:05:47,Running,,2.82,24:44,8:46,6.84,300.0,266,,"","",2015-10-03-120547.gpx
8310adc4-a534-4b7a-adfd-645b907ae955,2015-09-28 18:41:01,Cycling,,2.60,10:34,4:04,14.75,75.0,111,,"","",2015-09-28-184101.gpx
3ef24da2-2683-4d51-8beb-9f60b3c1a8f3,2015-09-28 18:19:54,Running,,1.75,15:20,8:46,6.84,198.0,298,,"","",2015-09-28-181954.gpx
5801ba5e-9655-4124-b8cf-6067e3d773fa,2015-09-20 11:06:37,Cycling,,15.11,1:04:25,4:16,14.07,608.0,1427,,"","",2015-09-20-110637.gpx
24c13eb7-8165-43a6-a459-2ec1c12170bc,2015-09-16 17:47:50,Running,,0.42,3:43,8:47,6.83,44.0,16,,"","",2015-09-16-174750.gpx
27d9b17a-f5ce-40d2-8c81-0d286985b104,2015-09-13 15:54:04,Running,,2.56,19:46,7:43,7.77,260.0,107,,"","",2015-09-13-155404.gpx
d9f5b86e-550e-4e98-808f-f8b06a0d2ef1,2015-09-07 20:53:06,Running,,3.13,26:30,8:29,7.08,369.0,708,,"","",2015-09-07-205306.gpx
1f14ef34-c937-40c0-b21c-ec12d20a5d1d,2015-09-02 17:49:59,Running,,4.01,33:04,8:15,7.27,453.0,938,,"","",2015-09-02-174959.gpx
f9c6ade8-f685-4321-be09-c64a92252085,2015-08-30 19:36:41,Running,,2.58,20:44,8:03,7.45,314.0,731,,"","",2015-08-30-193641.gpx
3fec3340-b68c-4513-9526-d3f45581d851,2015-08-24 18:33:12,Cycling,,13.57,1:09:21,5:07,11.73,477.0,733,,"","",2015-08-24-183312.gpx
d346ffcc-2e49-4707-bf5f-40bffc0e2bbd,2015-08-23 19:26:51,Running,,2.71,20:26,7:32,7.96,287.0,258,,"","",2015-08-23-192651.gpx
b17a5085-896d-4321-9470-f6c73b3391ad,2015-08-22 11:34:07,Cycling,,17.39,1:26:28,4:58,12.06,571.0,944,,"","",2015-08-22-113407.gpx
cde26373-aa0c-4512-b6c5-bd76692ae15b,2015-08-21 17:49:18,Running,,3.01,28:47,9:35,6.27,316.0,177,,"","",2015-08-21-174918.gpx
4d3ab48e-72a9-4b78-92fd-bbd6e051655d,2015-08-10 18:46:28,Running,,3.43,28:51,8:26,7.12,404.0,754,,"","",2015-08-10-184628.gpx
7b1bdce4-09db-43a6-b08c-32b78b711031,2015-08-08 16:41:36,Cycling,,19.69,1:30:35,4:36,13.04,786.0,2250,,"","",2015-08-08-164136.gpx
065b9dd0-6f8a-4e27-b414-018f40814d6d,2015-08-05 18:59:25,Cycling,,15.46,1:25:32,5:32,10.84,523.0,780,,"","",2015-08-05-185925.gpx
42d308c3-85ba-4865-94c8-320dc12d836f,2015-08-03 18:50:07,Running,,1.42,14:10,10:00,6.00,155.0,301,,"","",2015-08-03-185007.gpx
2d221d2f-f737-4977-8d1d-0d596cbd1f82,2015-08-03 18:43:07,Running,,0.54,5:15,9:44,6.16,54.0,7,,"","",2015-08-03-184307.gpx
c4d1c148-5e48-46c8-bbf9-06eb8a4638cb,2015-07-23 16:49:48,Running,,3.02,23:33,7:48,7.69,367.0,787,,"","",2015-07-23-164948.gpx
28509aa7-17ec-4373-bd18-114345c8efaa,2015-07-05 16:40:29,Running,,1.27,14:00,11:05,5.42,112.0,98,,"","",2015-07-05-164029.gpx
5bc7dea6-db54-49dd-9b5a-69263460b84d,2015-07-03 15:40:07,Running,,2.52,24:18,9:39,6.22,267.0,197,,"","",2015-07-03-154007.gpx
36369703-2718-45e7-b477-a22cc34df768,2015-07-02 18:38:55,Running,,2.25,18:43,8:19,7.21,206.0,194,,"","",2015-07-02-183855.gpx
03143da3-3f93-4810-9d30-33b569ae57bd,2015-06-24 18:10:49,Cycling,,13.03,57:41,4:26,13.55,532.0,1386,,"","",2015-06-24-181049.gpx
aac8e748-ff92-4dbd-9cad-821b0ea5f31a,2015-06-21 17:12:54,Running,,2.15,20:07,9:22,6.41,234.0,505,,"","Sprints back and forth ",2015-06-21-171254.gpx
72bd97a9-5c7c-4263-89e5-7e9e2a2a3e17,2015-06-10 18:55:53,Cycling,,13.77,51:56,3:46,15.90,461.0,637,,"","",2015-06-10-185553.gpx
5f65701a-aed7-4e1f-8fae-c861da5b79ad,2015-06-04 17:46:59,Cycling,,8.51,36:42,4:19,13.92,305.0,426,,"","",2015-06-04-174659.gpx
ef53d415-e2f5-4491-802b-a7efea9f0c66,2015-05-31 17:34:14,Running,,2.00,15:08,7:34,7.92,204.0,86,,"","",2015-05-31-173414.gpx
c21f8136-1dee-45b1-891e-84268a166aac,2015-05-19 17:37:07,Running,,2.69,22:02,8:11,7.34,288.0,242,,"","",2015-05-19-173707.gpx
2c53dfb6-8006-4ee0-b89b-927c8a829daa,2015-04-19 13:50:53,Running,,3.24,31:18,9:40,6.21,390.0,912,,"","",2015-04-19-135053.gpx
f1200bec-1eaa-4264-98f1-80f6e0f6a99d,2015-04-15 17:36:44,Running,,2.29,21:14,9:16,6.47,229.0,76,,"","",2015-04-15-173644.gpx
02b76160-fed1-4757-8ec9-a3bf9df0705f,2015-04-04 10:36:32,Running,,3.50,50:00,14:17,4.20,296.0,0,,"","",
da59f6e7-c5e7-4eaf-8224-414e0df4777b,2015-03-31 17:38:26,Running,,5.31,53:27,10:04,5.96,651.0,1515,,"","",2015-03-31-173826.gpx
694608a2-9952-473b-a1a2-e66cd3faa304,2015-03-21 17:41:17,Running,,2.87,28:22,9:53,6.07,294.0,164,,"","",2015-03-21-174117.gpx
a143596c-d96c-4fb0-a2b8-7b0e5c2a589b,2014-10-26 15:21:37,Running,,3.00,22:35,7:31,7.97,311.524759440483,600,,"","",2014-10-26-152137.gpx
04f570d9-b853-4bb0-9830-e6012d842857,2014-10-16 17:06:27,Running,,5.53,51:03,9:14,6.50,568.136552267201,1120,,"","",2014-10-16-170627.gpx
06639f49-46c1-4b1c-a900-bf829d45dfd9,2014-10-05 17:41:37,Cycling,,2.01,8:49,4:23,13.68,58.0,66,,"","",2014-10-05-174137.gpx
0eabf793-dbe5-44d4-abc6-b9bedb0d1547,2014-10-05 17:06:42,Running,,3.52,29:47,8:29,7.08,370.0,253,,"","",2014-10-05-170642.gpx
8eb978f9-1a23-46cb-a502-d5bdca4ca60c,2014-09-27 14:18:02,Running,,1.41,14:47,10:31,5.70,145.0,80,,"","",2014-09-27-141802.gpx
623976ba-8384-4715-8496-7e97e160ff1b,2014-09-25 18:21:19,Running,,3.00,25:22,8:27,7.10,316.0,181,,"","",2014-09-25-182119.gpx
785adb92-5c9e-4fb7-b09f-2915a6fb72e4,2014-09-14 12:04:55,Running,,2.77,21:13,7:41,7.82,277.0,97,,"","",2014-09-14-120455.gpx
cf86c2fd-a3bd-4244-9448-67c13c421431,2014-09-06 14:29:45,Running,,3.18,28:57,9:06,6.60,321.0,134,,"","",2014-09-06-142945.gpx
19a2b4cc-7ce9-4b89-807f-1690d765684b,2014-08-31 11:35:02,Running,,2.68,20:11,7:33,7.95,272.0,87,,"","",2014-08-31-113502.gpx
68491fac-044d-4ff3-82c4-74e85022464a,2014-08-12 19:06:37,Running,,4.02,32:06,7:59,7.52,420.0,306,,"","",2014-08-12-190637.gpx
22974073-1878-4e25-a7e1-19b4296f9c76,2014-08-10 15:41:51,Cycling,,8.95,38:06,4:16,14.09,353.0,1010,,"","",2014-08-10-154151.gpx
d51386a7-a620-4acf-a142-ef6748e371fd,2014-08-09 18:06:21,Running,,2.00,15:14,7:37,7.88,210.0,133,,"","",2014-08-09-180621.gpx
e64029e7-3d5d-4ccf-9614-3189a86c7721,2014-08-07 18:04:38,Running,,2.48,27:49,11:12,5.36,244.0,49,,"","",2014-08-07-180438.gpx
9477890d-1366-4a23-97b7-842d7acf1b14,2014-08-02 17:54:54,Running,,2.32,13:33,5:50,10.28,159.0,360,,"","",2014-08-02-175454.gpx
2bf9e2fb-6fd4-492d-b04e-57b7cd7ae391,2014-07-29 17:21:57,Running,,1.50,15:40,10:25,5.76,145.0,34,,"","",2014-07-29-172157.gpx
8fb8284b-a25a-4e26-b4b7-3daef908e569,2014-07-25 17:31:22,Running,,3.01,27:08,9:01,6.66,311.0,176,,"","",2014-07-25-173122.gpx
1a321026-d32e-4016-a183-db1b2bacc2d5,2014-07-08 20:25:56,Running,,2.68,21:14,7:56,7.56,267.0,90,,"","",2014-07-08-202556.gpx
a0c5f16d-4635-4bba-bb19-a8808378feb4,2014-07-01 18:27:57,Running,,1.14,10:28,9:10,6.55,118.0,50,,"","",2014-07-01-182757.gpx
3d4ae8e4-1430-4b52-990a-8c9c006fddf0,2014-06-18 18:46:49,Running,,1.47,13:58,9:30,6.32,156.0,131,,"","",2014-06-18-184649.gpx
245e69b0-490b-4813-8468-8375faa137f2,2014-06-18 18:39:09,Running,,0.61,5:02,8:14,7.28,60.0,11,,"","",2014-06-18-183909.gpx
41240685-b935-46d3-8df4-5ca2dc829ef6,2014-06-17 18:32:19,Cycling,,8.92,40:36,4:33,13.17,313.0,415,,"","",2014-06-17-183219.gpx
3bbf0dc8-8eea-4915-b95f-cc6cebd86a8a,2014-06-15 19:35:28,Cycling,,2.05,12:02,5:52,10.22,69.0,65,,"","",2014-06-15-193528.gpx
439444e2-6af5-4beb-9f12-7bab0d13ba2f,2014-06-15 19:26:09,Running,,0.71,7:15,10:10,5.91,74.0,55,,"","",2014-06-15-192609.gpx
15d91937-ca2f-4f2a-bced-c18cef4a50a7,2014-06-15 19:16:10,Cycling,,1.76,8:35,4:52,12.32,68.0,213,,"","",2014-06-15-191610.gpx
6c9f8ea2-dce5-414e-8244-b33b727a90f6,2014-06-14 18:56:55,Running,,2.60,23:02,8:51,6.77,280.0,217,,"","",2014-06-14-185655.gpx
ec6f7e95-fefb-4492-a187-446bac42c40d,2014-06-12 17:42:42,Cycling,,14.28,1:09:43,4:53,12.29,458.0,602,,"","",2014-06-12-174242.gpx
2f73f74e-1098-4f3c-a1e9-51b707c568b4,2014-06-11 20:16:04,Running,,1.25,14:42,11:45,5.11,124.0,52,,"","",2014-06-11-201604.gpx
d9020fc0-217b-4bbf-a238-d0cb3393a4b1,2014-06-08 16:09:21,Cycling,,6.46,30:34,4:44,12.68,205.0,250,,"","",2014-06-08-160921.gpx
09ee1484-41e0-4467-801a-609909738f0f,2014-06-05 17:24:05,Running,,2.01,15:49,7:53,7.61,210.0,144,,"","",2014-06-05-172405.gpx
66d0c3ea-4c15-4839-9dea-0acd2b65de4d,2014-06-01 14:07:48,Cycling,,6.93,30:49,4:27,13.48,230.0,398,,"","",2014-06-01-140748.gpx
ec3a49a1-1c5a-4109-9fc2-977d6cc018d3,2014-05-30 18:41:49,Running,,1.23,10:02,8:10,7.35,131.0,164,,"","",2014-05-30-184149.gpx
52d6c29a-6e98-4032-9b7d-b6bc773c7589,2014-05-28 18:41:01,Cycling,,3.01,12:32,4:10,14.42,100.0,163,,"","",2014-05-28-184101.gpx
a0c3c557-0c2c-468e-881a-0329f3234d73,2014-05-28 17:49:44,Running,,2.10,16:36,7:55,7.58,221.0,109,,"","",2014-05-28-174944.gpx
24ad6b18-4684-4025-9118-343ca7b2f076,2014-05-22 18:13:19,Running,,3.59,29:22,8:11,7.33,387.0,350,,"","",2014-05-22-181319.gpx
11832400-5c0d-46bf-9d4c-f778e282c7af,2014-05-21 18:09:21,Running,,2.22,16:56,7:37,7.88,222.0,63,,"","",2014-05-21-180921.gpx
32995484-7bb2-4cb5-9cd3-0e2910fe36ea,2014-05-20 18:03:24,Running,,1.43,10:12,7:08,8.40,144.0,53,,"","",2014-05-20-180324.gpx
cdf6d55e-742f-402b-a3dd-3f99811d222f,2014-05-18 11:49:26,Running,,3.01,25:08,8:21,7.18,315.0,168,,"","",2014-05-18-114926.gpx
7c9e6793-9fae-443b-a00f-b03d5be8f830,2014-05-14 18:18:39,Running,,2.27,20:08,8:52,6.77,230.0,70,,"","",2014-05-14-181839.gpx
06820469-a7ba-423c-b83c-04f5d5f552b6,2014-04-25 18:01:06,Running,,2.10,17:32,8:21,7.19,210.0,51,,"","",2014-04-25-180106.gpx
0fd5544d-398d-4fa8-9748-3de17b92f358,2014-04-10 18:34:57,Running,,3.03,22:13,7:20,8.17,307.0,68,,"","",2014-04-10-183457.gpx
59badd5c-f2e7-4d40-ac17-678309c36cff,2014-04-07 18:21:20,Running,,2.26,18:27,8:09,7.36,235.0,113,,"","",2014-04-07-182120.gpx
6d7b4729-5983-49b9-b2e6-6c5cf3fb9414,2014-01-09 19:15:32,Running,,0.78,13:18,17:06,3.51,65.0,3,,"","",2014-01-09-191532.gpx
6da2b60c-6b3f-4882-9b70-051b62f00a36,2014-01-07 17:39:29,Running,,0.92,15:25,16:46,3.58,77.0,8,,"","",2014-01-07-173929.gpx
cb8e23cc-4896-4c57-9d70-09b8582d0f18,2013-10-17 17:53:51,Running,,0.27,3:24,12:48,4.69,27.0,22,,"","",2013-10-17-175351.gpx
43ddc613-1a58-49e9-8cef-150e59950e7c,2013-10-17 17:20:40,Running,,3.51,28:13,8:02,7.46,358.0,100,,"","",2013-10-17-172040.gpx
3e72580d-5908-49d4-8e12-aa3e46ed7858,2013-10-13 16:41:43,Running,,3.02,22:21,7:24,8.10,305.0,137,,"","",2013-10-13-164143.gpx
6b569601-1f35-4a80-931a-b7f1883a6c80,2013-10-08 18:01:27,Running,,3.26,26:03,8:00,7.50,340.0,178,,"","",2013-10-08-180127.gpx
5bd904c8-b66f-440c-9bb0-280ecb4773cf,2013-09-30 17:56:05,Running,,3.01,23:52,7:56,7.56,403.0,1161,,"","",2013-09-30-175605.gpx
c3b4316c-9e05-4f6e-a9fc-ef65ccc7d21d,2013-09-23 17:42:53,Running,,3.01,24:50,8:16,7.26,309.0,80,,"","",2013-09-23-174253.gpx
d829e556-7b34-4769-a02d-366bef7d372e,2013-09-16 17:44:42,Running,,3.71,27:58,7:32,7.96,377.0,96,,"","",2013-09-16-174442.gpx
352e2dc8-22ec-4607-8a75-71b2e443a494,2013-09-11 17:53:55,Running,,3.01,23:18,7:45,7.74,310.0,89,,"","",2013-09-11-175355.gpx
932942d6-7e9c-4e64-91a3-0d42337db6bb,2013-09-07 11:33:54,Running,,3.19,24:43,7:45,7.74,325.0,84,,"","",2013-09-07-113354.gpx
9c446f7a-3dd2-4429-a20b-ef94784c3084,2013-09-02 18:00:50,Running,,3.70,33:01,8:56,6.72,367.0,144,,"","",2013-09-02-180050.gpx
d043c8b4-c734-4977-bb08-88bb3114ea30,2013-08-29 17:44:44,Running,,2.52,20:21,8:04,7.44,258.0,87,,"","",2013-08-29-174444.gpx
7d28fe62-ec47-44f9-a34a-00677f95bdfb,2013-08-21 18:53:28,Cycling,,1.74,7:08,4:07,14.60,58.0,64,,"","",2013-08-21-185328.gpx
1042835b-0a19-4764-b5db-9d29f3f7218d,2013-08-20 17:51:07,Running,,3.19,26:22,8:16,7.26,331.0,102,,"","",2013-08-20-175107.gpx
7023446a-7473-4bea-b7fe-475bf6c778bb,2013-08-17 15:17:47,Running,,2.63,24:39,9:23,6.39,269.0,80,,"","",2013-08-17-151747.gpx
842b3c60-0c17-4702-b220-e9dd93c25e36,2013-08-03 13:17:15,Running,,2.01,17:17,8:37,6.97,213.0,136,,"","",2013-08-03-131715.gpx
6a3f6fb3-f418-4a85-8424-a0250fc16c6d,2013-07-12 18:19:58,Running,,2.17,18:35,8:34,7.01,224.0,195,,"","",2013-07-12-181958.gpx
fe390db1-8556-4c62-8ad8-53906644bfaf,2013-07-12 17:29:58,Cycling,,4.92,23:48,4:50,12.40,168.0,193,,"","",2013-07-12-172958.gpx
501d1040-fdb2-4d24-9b89-157b67334348,2013-07-06 17:05:52,Running,,1.87,22:35,12:03,4.98,186.0,154,,"","",2013-07-06-170552.gpx
f6ee398e-e4cc-4b2c-99cb-d161946f851b,2013-07-05 15:51:31,Running,,3.51,29:17,8:21,7.19,376.0,259,,"","",2013-07-05-155131.gpx
16bf5733-a525-443e-881d-97e6e5a4060b,2013-07-02 17:49:14,Cycling,,5.62,22:59,4:06,14.66,183.0,352,,"","",2013-07-02-174914.gpx
b4455f93-aa51-49e8-ac33-a57c9716d89c,2013-06-26 17:01:03,Cycling,,12.61,59:25,4:43,12.73,423.0,900,,"","",2013-06-26-170103.gpx
59500d93-e598-4bfb-a869-eebaf4d20521,2013-06-25 18:45:23,Cycling,,7.09,34:11,4:49,12.45,242.0,316,,"","",2013-06-25-184523.gpx
9b5fb333-1e45-4e94-a1a3-d655af0d321b,2013-06-23 16:51:25,Cycling,,7.81,34:12,4:23,13.70,264.0,439,,"","",2013-06-23-165125.gpx
1a495cce-38bb-4db9-a586-db604b2c0195,2013-06-20 18:08:32,Cycling,,11.60,55:04,4:45,12.64,408.0,377,,"","",2013-06-20-180832.gpx
9123ac7d-c716-45c7-ac33-54422fd348b2,2013-06-15 14:01:02,Cycling,,15.38,1:05:50,4:17,14.01,502.0,540,,"","",2013-06-15-140102.gpx
3ed28b98-619f-4a16-a106-ea9cffb6c25b,2013-06-13 18:05:45,Cycling,,16.03,53:28,3:20,17.99,416.0,447,,"","",2013-06-13-180545.gpx
b808ae27-b63d-4001-ae2c-a2112ef6fcb7,2013-06-02 15:05:06,Cycling,,8.06,34:14,4:15,14.12,256.0,376,,"","",2013-06-02-150506.gpx
6f87c991-12b4-467a-8a27-b18bf7f50091,2013-06-01 14:05:51,Cycling,,8.71,36:37,4:12,14.27,278.0,387,,"","",2013-06-01-140551.gpx
76b6768a-29bc-4c38-b6d1-297671ca1e13,2013-05-21 17:09:10,Cycling,,9.32,36:57,3:58,15.13,309.0,377,,"","",2013-05-21-170910.gpx
c5c35df5-c413-45f4-a8da-c9e540a152af,2013-05-20 20:05:46,Cycling,,8.48,33:44,3:59,15.08,278.0,421,,"","",2013-05-20-200546.gpx
9ef510be-9631-4ed3-9888-b8254e2855a5,2012-10-10 17:18:39,Running,,3.76,45:00,11:57,5.02,373.0,10,,"","",2012-10-10-171839.gpx
ea57bd0f-8290-4dd8-bd3c-5129e14abe0c,2012-10-02 08:48:59,Running,,4.10,31:00,7:34,7.93,425.0,21,,"","",2012-10-02-084859.gpx
a10e2b6b-1c07-4ba2-948e-fc60be7fa8f9,2012-09-20 18:20:54,Running,,4.14,32:00,7:43,7.77,428.0,24,,"","good. didn't stop at all",2012-09-20-182054.gpx
d5874ef9-c8f1-421f-83e1-4d7a4cd44e1b,2012-09-18 20:40:49,Running,,3.00,23:40,7:53,7.61,307.0,0,,"","",
992f7d66-a759-4c84-82f9-5e49d1331e53,2012-09-16 12:20:00,Running,,3.10,26:00,8:23,7.15,311.0,0,,"","",
3c95b938-cdf4-4ee4-b392-0950f8bc11de,2012-09-13 23:26:37,Rowing,,1.24,9:40,7:48,7.70,92.0,0,,"","",
f16b8be7-7152-4a9f-aff8-1ba778444bb1,2012-09-13 23:25:45,Running,,3.36,28:00,8:20,7.20,338.0,0,,"","",
94137f23-71db-46ed-a6b4-ca68dfec31d2,2012-09-13 09:55:41,Running,,2.00,20:00,10:00,6.00,204.0,0,,"","",
b9df9208-921c-40ac-bde0-1951aab404a2,2012-09-10 18:53:28,Running,,3.89,32:00,8:14,7.29,393.0,7,,"","",2012-09-10-185328.gpx
2745f975-0a22-4e57-b2f9-5c878c2e2abc,2012-09-06 18:35:15,Running,,3.80,40:00,10:31,5.70,397.0,42,,"","",2012-09-06-183515.gpx
f6d4d8fe-b146-4097-98c6-02f12498adbc,2012-09-05 17:12:45,Cycling,,6.04,40:00,6:37,9.06,163.0,1,,"","",2012-09-05-171245.gpx
81c19b95-e73c-4d39-9b8b-365e62f4e98f,2012-09-02 17:13:21,Running,,3.94,40:00,10:08,5.92,406.0,23,,"","",2012-09-02-171321.gpx
f97ff2a0-1d50-401a-a1ee-02be8e660182,2012-08-31 16:46:39,Running,,3.49,50:43,14:31,4.13,277.0,2,,"","",2012-08-31-164639.gpx
0ae90a0a-0c7d-4d77-a78d-3afe43bfa459,2012-08-29 18:00:00,Running,,2.99,41:57,14:00,4.28,246.0,0,,"","",2012-08-29-180000.gpx
bb7da1ac-623f-45c5-8729-4d4117b49a25,2012-08-14 14:29:00,Running,,5.15,49:59,9:43,6.18,506.0,44,,"","I stopped to jump over a fence on the bridge.",2012-08-14-142900.gpx
7d61657c-a095-4fad-b979-6af6593cd742,2012-08-13 17:39:00,Running,,3.52,30:00,8:31,7.04,354.0,31,,"","Good",2012-08-13-173900.gpx
cc904cc9-2eef-4d69-8a56-feee421e9f11,2012-08-09 17:01:00,Running,"Typical Route",3.77,30:00,7:58,7.53,390.0,51,,"","",2012-08-09-170100.gpx
4fc6167c-4f27-4c4e-82a2-02f15b2b157c,2011-07-06 17:30:23,Running,,3.22,38:35,12:00,5.00,383.0,129,,"Kaitlin,","",2011-07-06-173023.gpx
